Title,Content,Time
"[MD포토] 오메가엑스 정훈, '훈훈한 기럭지'","[마이데일리 = 송일섭 기자] 아이돌그룹 오메가엑스 정훈이 6일 오후 온라인으로 진행된 첫 번째 싱글 앨범 '왓츠 고잉 온'(WHAT'S GOIN' ON)' 발매 쇼케이스에서 포토타임을 갖고 있다.
첫 번째 미니앨범 '바모스(VAMOS)' 이후 약 2개월만에 돌아온 오메가엑스는 동명의 타이틀곡에서 강렬한 기타 사운드를 바탕으로 파워풀한 카리스마와 퍼포먼스가 돋보이는 힙합곡을 선보인다. 6일 오후 6시에 음원사이트를 통해 공개된다.
[사진 = 스파이어엔터테인먼트]",2021. 09. 06. 16:00
288g 초미숙아로 태어나 무사히 퇴원한 '건우의 기적',"지난 4월 4일, 체중 288g, 키 23.5㎝로 태어난 초극소 저체중 미숙아가 153일 동안의 신생아 집중치료를 마치고 무사히 퇴원했습니다. 
          
국내에서 태어난 가장 작은 아기로 보고된 조건우 아기의 ‘기적’입니다. 
서울아산병원 어린이병원 신생아팀(김기수 · 김애란 · 이병섭 · 정의석 교수)은 24주 6일 만에 초미숙아 3일 건강하게 퇴원했다고 6일 밝혔습니다. 
400ｇ 이하 체중의 초미숙아가 생존한 경우는 전 세계적으로도 매우 드문 사례입니다. 건우는 세계적으로도 32번째로 가장 작은 아기로 기록됩니다. 
건우는 임신 17주차에 태아가 자궁 내에서 잘 자라지 않는 ‘자궁 내 성장지연’이 심하다는 진단을 받았습니다. 3월 서울아산병원에서 검사한 결과 태아는 원래 임신 주수보다 5주가량 성장이 뒤처질 정도로 작은 상태였습니다. 
건우는 4월 4일 응급 제왕절개로 세상에 태어났습니다. 예정일보다 15주, 약 4개월 정도 먼저 태어난 건우는 스스로 호흡하는 게 불가능한 상태였습니다. 기관지 내로 폐 표면활성제를 투여 받고야 다행히 심장이 뛰기 시작했고, 곧바로 신생아 중환자실로 옮겨져 신생아팀의 집중치료를 받았습니다. 
주치의인 신생아과 김애란 교수는 단순히 건우를 살리는 것을 넘어 합병증 없이 무탈하게 성장할 수 있도록 하자고 각오를 다졌습니다. 의료진과 부모의 의지와 헌신으로 건우는 생존을 위한 사투를 벌였습니다. 태어난 지 한 달 즈음 심장이 갑자기 멎었던 위기를 극복하기도 했습니다. 
건우 부모님은 아기에게 모유를 전달하기 위해 다섯 달 동안 일주일에 한두 번씩 경남 함안에서 서울아산병원까지 왕복 700km 이상 거리를 오갔습니다. 경남 함안에서 새벽 3시에 출발해 서울로 오는 차 안에서 모유를 유축했고, 그렇게 다섯 달 동안 1만4천㎞를 달렸습니다. 
건우는 생후 80일 쯤 인공호흡기를 떼고 적은 양의 산소만으로도 자발적인 호흡이 가능해졌습니다. 체중도 1㎏을 넘었습니다. 생후 4개월 중반에는 인큐베이터를 벗어났고 생후 5개월에는 체중이 2㎏을 넘어섰습니다. 그렇게 건우는 무사히 부모님 품에 안겼습니다. 
건우 엄마 이서은 씨(38)는 “건우는 우리 부부에게 축복처럼 찾아온 아이로 어떤 위기에서도 꼭 지켜내고 싶었다”며 “의료진 덕분에 건강한 건우를 품에 안을 수 있게 돼 진심으로 감사한 마음 뿐”이라고 전했습니다. 
황규락 기자 rocku@donga.com",2021. 09. 06. 16:00
"윤석열 장모, 항소심에서도 ""요양병원 관여 안했다"" 주장","불법 요양병원 개설 및 운영 혐의를 받는 윤석열 전 검찰총장의 장모 최모씨가 의정부지방법원에서 열린 1심 선고공판에 출석하고 있다. 연합뉴스
           

윤석열 전 검찰총장의 장모 최모(74)씨가 불법 요양병원 개설 및 운영에 관여하지 않았다며 항소심에서도 혐의를 부인했다. 검찰은 요양병원 설립 당시 최씨의 관여 정도가 높았고, 최씨가 측근을 끌어들여 병원을 독차지하려다 실패하자 투자금만 초과 회수하고 손을 뗀 것이라고 반박했다.
서울고법 형사5부(부장판사 윤강열)는 6일 특정경제범죄 가중처벌 등에 관한 법률 위반(사기) 등 혐의로 기소된 최씨의 항소심 첫 공판을 진행했다. 최씨는 지난달 13일 도주나 증거인멸 우려가 없다며 보석을 청구했으나 재판부가 보석 여부를 결정하지 않아 이날 구속 상태로 법정에 출석했다.
검찰은 최씨가 요양병원 설립은 물론이고 운영에도 가담했다는 것이 명백하다고 주장하며 최씨의 항소를 기각해달라고 요청했다. 검찰은 “피고인은 관련 사건 재판에서 사위를 병원 행정원장으로 근무하게 해 운영자금을 제공했고, 병원 확장을 위해 부동산 담보대출까지 받았다고 증언했다”며 “투자금 회수에 몰두해 투자금을 초과 회수하고 자신의 책임만 면피하고자 해 죄질이 불량하다”고 강조했다.
최씨 측은 검찰이 무리한 해석을 하고 있다고 맞받았다. 요양병원 설립 당시 들어간 2억원은 투자가 아닌 대여 성격의 돈이었고, 최씨가 아닌 동업자가 최씨의 사위를 요양병원에 근무하게 했다는 것이다. 최씨 측은 “2억원을 준 건 투자가 아닌 대여”라며 “(사위는) 동업자가 얘기해서 오게 했던 것”이라고 설명했다. 또 최씨 측은 동업자에게 돈을 빌려주고 회수할 때까지 안전장치 차원에서 이사로 이름을 올린 것일 뿐 실제 운영한 적은 없다는 주장을 이어갔다.
재판부는 오는 28일 두 번째 공판기일을 열고 공소사실에 대한 양쪽 주장을 한 번 더 정리하기로 했다. 앞서 최씨는 의료인이 아님에도 2013년 2월 불법으로 요양병원을 개설하고 병원을 운영하면서 2015년까지 요양급여 22억9000만원을 가로챈 혐의로 기소돼 1심에서 징역 3년을 선고받고 법정구속됐다.
박성영 기자 psy@kmib.co.kr",2021. 09. 06. 16:00
"한국지역난방공사, '2021 한난 홍보 콘텐츠 공모전' 수상자 발표","한국지역난방공사(이하 한난)가 '2021 한난 홍보 콘텐츠 공모전'의 최종 수상자를 발표했다.
6일 한난에 따르면, 지난 5월 17일부터 7월 15일 시행된 이 공모전은 만 19세 이상 국민을 대상으로 동영상, 징글, 굿즈디자인 등 3개 부문에 걸쳐 진행됐다. 특히 △국민과 함께하는 에너지 공기업 △탄소중립을 선도하는 친환경 에너지 공기업 △사회적 가치를 창출하는 행복 에너지 공기업 등을 주제로 실시했다.
60일간의 공모 접수 후 온라인 및 전문가 심사를 거쳐 대상을 비롯해 최우수상, 우수상 등 33점의 작품을 최종 선정했고, 이들에겐 모두 1720만 원의 상금이 지급된다.
공모전 수상작들은 공사 유튜브 등 사회관계망서비스(SNS) 채널에 게시하고 대국민 홍보용 기념품 제작 등 공사 공식 홍보채널을 통한 PR 목적으로 적극 활용될 예정이다. 수상자 및 수상작은 '2021 한난 홍보 콘텐츠 공모전' 홈페이지에서 확인할 수 있다.
한난 관계자는 ""이번 공모전은 국민들의 열띤 호응으로 수준 높은 작품이 대거 출품됐다""면서 ""앞으로도 국민과 함께 행복한 세상을 가꾸는 친환경 에너지 리더로서 다양한 미디어 플랫폼을 활용해 국민과 소통하고, 탄소중립과 친환경 에너지 확산을 위해 지속적으로 노력하겠다""고 말했다.

           경기=박광섭 기자 pkts4538@mt.co.kr",2021. 09. 06. 16:00
"이달의 소녀 '낫 프렌즈', 해외 아이튠즈 차트 톱 10 진입","(엑스포츠뉴스 조혜진 기자) 그룹 이달의 소녀(LOONA)가 '낫 프렌즈'로 폭발적인 관심을 받고 있다.
이달의 소녀는 지난 3일 오후 6시 프로듀서 라이언전과 함께한 '맥시스(MAXIS)' 프로젝트 파트 2 '낫 프렌즈(Not Friends)'를 발매했다. 이후 '낫 프렌즈'는 지난 4일 오후 5시 기준 해외 아이튠즈 차트에서 글로벌적인 인기를 기록하며 상승 가도를 달리고 있다.
'낫 프렌즈'는 캄보디아와 말레이시아에서 3위, 아르헨티나, 칠레, 페루, 필리핀 등에서 4위에 위치했으며 이외에도 베트남, 싱가포르, 태국 등에서도 톱 10에 진입하는 기염을 토했다. 특히 '낫 프렌즈'는 미국 아이튠즈 차트에선 94위 이름을 올리며 톱 100에 돌입해 화제를 모았다. 
'낫 프렌즈'는 라이언전과 그의 팀의 색깔을 담은 팝 넘버로 어쿠스틱 락과 힙합의 경계에서 줄다리기를 하는 듯한 사운드가 매력적이다. 담담하게 읊조리다 스웨그 넘치는 보컬로 전환하는 템포 조절 또한 일품인 작품. 싱어송라이터 유하(YOUHA)와 함께 이달의 소녀 김립이 작사에 참여했을 뿐만 아니라, 친구와 연인 사이 경계를 무너뜨리고자 하는 대담한 욕망을 담은 가사가 눈길을 끈다.
또한 이달의 소녀가 파격적인 모습을 선보인 '낫 프렌즈' 뮤직비디오는 공개 직후 높은 조회수를 기록하며 현재까지도 상승세를 보이고 있다. 라이언전은 '맥시스' 파트 원 '매니악(Maniac)'에 이어 '낫 프렌즈'로 흥행에 성공해 앞으로 남은 프로젝트에 대한 기대감 역시 고조되고 있다.
한편 라이언전의 'MAXIS'는 '매우 긴'을 뜻하는 프랑스어 'maxi'의 복수형으로 K팝 대표주자들과 호흡을 맞추는 프로젝트다. 
사진=빅오션ENM
조혜진 기자 jinhyejo@xportsnews.com",2021. 09. 06. 16:00
"공정위, 명가토건 '갑질' 제재 ""이중 계약 후 일방적 계약 해지""","다른 업체와 이중 계약이 됐다는 이유로 위탁받은 공사를 하고 있던 하도급업체에 일방적으로 계약 해지를 통보한 명가토건이 공정거래위원회 제재를 받게 됐다. /더팩트 DB
           


하도급법 위반 시정 명령…""앞으로도 부당 취소 행위 감시""

[더팩트ㅣ이성락 기자] 중소형 건설사 명가토건이 인테리어 공사 하청 계약을 멋대로 해지하는 등 '갑질'을 했다가 적발됐다.
공정거래위원회(공정위)는 명가토건이 수급사업자에게 인테리어 공사를 위탁하면서 일부 공사(타일 공사)를 일방적으로 해지한 행위에 대해 시정 명령하기로 했다고 6일 밝혔다.
공정위에 따르면 명가토건은 2018년 8월쯤 수급사업자에게 강서구 화곡동 오피스텔 신축 공사 중 세대 내부 인테리어 공사를 위탁했다. 그러나 다음 달쯤 수급사업자에게 '다른 업체와 이중 계약됐다. 선 계약 업체가 있으니 늦게 합의한 귀사의 계약은 취소하겠다'라는 취지의 문서를 발송해 인테리어 공사 중 타일 공사에 대한 하도급 계약을 해지했다.
명가토건은 이 과정에서 수급사업자와 충분한 협의를 거치지도, 정당한 보상을 하지도 않았다.
공정위 관계자는 ""명가토건의 이러한 행위는 수급사업자에게 책임을 돌릴 사유가 없음에도 손실보상 등 충분하게 협의하지 않은 채 계약을 취소한 것으로 하도급법 위반에 해당한다""며 ""앞으로도 부당한 위탁 취소 행위 등 불공정 하도급 거래 관행을 계속 감시하고, 법을 어기는 업체는 엄중히 제재하겠다""고 말했다.
rocky@tf.co.kr",2021. 09. 06. 16:00
"""다음이 기다려지는 가수"" DAY6 영케이, 첫 솔로 'Eternal'에 담은 고민과 성장[종합]","[뉴스엔 황혜진 기자]
매번 다음이 기다려지는 가수, 믿고 듣는 밴드 데이식스(DAY6) 멤버 영케이(Young K)가 데뷔 6년 만에 솔로 아티스트로 발돋움했다.
9월 6일 오후 3시 영케이의 미니 1집 앨범 'Eternal'(이터널) 발매 기념 간담회가 진행됐다. 영케이는 이날 오후 5시 'Studio Live'(스튜디오 라이브) 생중계, 오후 6시 앨범 정식 발표를 앞두고 작업 과정에 얽힌 비화, 솔로 가수로 나서는 소감 등을 소상히 털어놨다.
'Eternal'은 영케이가 데뷔 6년 만에 선보이는 솔로 앨범이다. 2010년 JYP엔터테인먼트에 연습생으로 입사, 2015년 9월 데이식스 보컬 겸 베이스로 정식 데뷔한 영케이는 6년간 멤버들과 함께 'Congratulations'(콩그레츄레이션), '놓아 놓아 놓아', '예뻤어', 'I Loved You'(아이 러브드 유), '좋아합니다', '행복했던 날들이었다', '한 페이지가 될 수 있게', 'Sweet Chaos'(스위트 카오스), 'Zombie'(좀비), 'You make Me'(유 메이크 미), '파도가 끝나는 곳까지', '뚫고 지나가요' 등을 히트시키며 국내외 음악 팬들의 사랑을 받았다.
무대에 올라 신보 수록곡 'want to love you'(원트 투 러브 유), 서브 타이틀곡 '그대로 와 줘요', 타이틀곡 '끝까지 안아 줄게' 라이브 무대를 차례로 선보인 영케이는 ""오늘은 데뷔 6년 만에 내 이름을 건 솔로 앨범이 나오는 날이다. 혼자는 처음이라 긴장이 많이 되지만 데이식스 영케이가 아닌 솔로 영케이로서 어떤 모습을 보여드릴지 기대 부탁드린다. 열심히 준비했으니까 많은 관심과 기대 부탁드린다""고 말문을 열었다.
영케이는 본명 강영현에서 착안해 '영원'을 의미하는 영단어 'Eternal'를 앨범명으로 내세웠고, 그간의 음악 히스토리를 집약해 앨범을 완성했다. 앞서 영케이는 데뷔 초 영원을 믿지 않기에 좌우명 'carpe diem'(카르페디엠)처럼 현재에 충실하겠다고 밝힌 바 있다. 믿지 않던 영원을 앨범명으로 결정하고, 이번 앨범에 영원히 노래하고 싶다는 진심을 담게 된 계기는 무엇일까.
이에 대해 영케이는 ""사실 끝까지라는 말과 영원하다는 말이 다른 말인 것 같지만 영원을 바라는 마음으로 끝까지 안아준다면 그게 또 '영원', '이터널'이 아닐까 싶다는 생각을 했다. 내 음악을 들어주는 분들이 가장 원하고 좋아하는 내가 노래하는 모습을 많은 사람들의 기억 속에 영원히 남기고 싶다는 마음이 있었다""고 설명했다.
이번 음반에는 타이틀곡 '끝까지 안아 줄게'를 필두로 서브 타이틀곡 '그대로 와 줘요', '베스트 송', '사랑은 얼어 죽을', 'Microphone (Feat. 다운(Dvwn))'(마이크로폰), 'want to love you', '잘 자라 내 사람아'까지 총 7곡의 신곡이 수록됐다. 영케이는 전곡 작사, 작곡을 도맡아 앨범 완성도를 최고조로 끌어올렸다. 이 가운데 첫 솔로 타이틀곡 '끝까지 안아 줄게'와 서브 타이틀곡 ‘그대로 와 줘요’는 '영원한 내 편이 생긴 듯한 든든함’에 관해 써 내려간 곡이다.
영케이는 솔로 앨범을 작업하는 과정에서 중점을 둔 대목에 대해 ""우선 올해는 내가 할 수 있는 최선을 다하자는 생각이 컸다. 이 앨범 기획 단계보다 작업 과정에서 나에 대해 더 많이 알게 됐고 생각도 정말 많이 했다. 그런 의미에서 내가 현재 가진 최선을 앨범에 담는 데 중점을 뒀다""고 밝혔다.
이어 전하고자 했던 메시지에 대해 ""늘 좋은 음악과 좋은 모습으로 돌아오겠다는 말씀을 드렸다. 이 앨범을 통해 어떠한 감정이라도 전해진다면 감사하다고 생각한다. 이 질문에 대답하면서도 솔로 앨범에 대한 부담이 느껴지기도 하지만, 듣는 분들에게 위로나 감정 해소 등 어떤 방식으로든 도움이 된다면 그 자체로 의미가 있다고 생각한다""고 말했다.
영케이는 이번 앨범에 솔로 뮤지션 영케이이자 인간 강영현으로서 지닌 내면의 고민도 진솔하게 풀어냈다. 뮤지션 영케이, 인간 영케이의 차이점에 관한 질문에 영케이는 ""완벽하진 않지만 부단히 노력하는 사람인 것 같다. 또 그런 사람이 노래를 부르는 모습이 뮤지션 영케이의 모습이지 않을까 싶다""고 답했다.
이어 이번 앨범에 담은 고민에 대해 ""직접적으로 내 고민을 표현하다기보다 내면의 고민을 거쳐 다양한 생각의 변화들을 통해 나온 노랫말들로 그려보려고 했다. 사랑을 노래하는 사람으로서 사랑의 정의는 무엇인가, 시작은 어땠고 끝은 어땠을까, 난 무엇을 바라는가, 이 노래를 접하는 사람들이 바라는 것은 무엇일까 등 엄청나게 다양한 고민들을 이번 앨범 작업 과정뿐 아니라 예전부터 많이 해왔다. 이 고민들에 대한 답은 아직 내리지 못했지만 현재까지의 내 느낌이 담긴 곡들이라고 볼 수 있을 것 같다""고 귀띔했다.
데이식스 완전체, 유닛 DAY6 (Even of Day)(데이식스 (이븐 오브 데이)) 활동과의 차이점도 언급했다. 영케이는 ""솔로 앨범은 데이식스, 유닛 앨범과 별개로 내가 손이 가고 마음이 가는 곡들을 최선을 다해 만들기 위해 노력했다""고 밝혔다.
2015년 9월 데뷔한 이래 데이식스 완전체, 유닛 앨범, 타 아티스트와의 협업곡, 드라마 OST를 발매하며 139곡에 달하는 자작곡(한국음악저작권협회 등록 기준)을 선보였다. 부지런히 '열일'해온 시간들, 슬럼프를 극복한 과정에 대해 영케이는 ""계속해서 곡 작업을 이어올 수 있었던 비결, 슬럼프를 극복한 방법은 그냥 해나간 것이라고 생각한다. 안되면 잠깐 쉬더라도 계속 다시 시도해보고 극복 자체에 강박을 갖지 않도록 사이사이 계속해서 시도를 자주 넣었던 것 같다""고 회상했다.
지난 6년간의 활동을 통해 찾고자 했던 답은 무엇일까. 영케이는 ""'순수하게 온전히 행복할 수 있을까'였던 것 같다. 늘 '행복했으면 좋겠다', '난 행복하다', '행복하고 싶다'고 말씀드리는데 지금 불행하다는 뜻이 아니라 아직까지도 행복을 더 알고 싶고 찾아가고 싶은 것 같다""고 밝혔다. 또 ""지난 6년을 되돌아봤을 때 스스로 많이 성장했다고 느끼는가""라는 물음에 ""노래도, 곡 쓰는 능력도, 그냥 나라는 사람 자체도 분명히 전과는 달라졌다. 정말 천재성을 타고난 분들을 보면 시작부터 엄청난 두각을 드러내는 것 같은데 난 그런 케이스는 아닌 것 같다. 난 천재는 아닌 것 같다""고 답했다.
영케이의 가사에는 청자의 감정을 잘 파고든다는 강점이 있다. 평범한 일상 속 특별한 순간을 포착해 직관적으로 표현해낸 영케이만의 가사는 수많은 국내외 음악 팬들의 호평을 받았다. 
이 같은 호평에 대해 영케이는 ""사실 그런 말을 들을 때 제일 먼저 드는 생각은 '앞으로도 열심히 해야겠다'이다. 듣고 나서 또다시 이해해야 하는 가사도 좋지만 웬만하면 한 번에 이해할 수 있고 바로 와닿을 수 있는 가사를 쓰려고 노력했다. 또 어떤 변화를 시도해볼 수 있을까, 어떻게 발전할 수 있을까 늘 고민한다""고 겸손한 마음가짐을 드러냈다.
이어 ""최대한 다수가 공감할 수 있는 곡을 원해왔다. 다양한 순간에도 적용될 수 있는 노랫말을 골라왔다. 감정은 공유할 수 있기 때문에 그 순간의 감정과 상황들을 묘사하려고 노력했다. 나 혼자 가사를 쓰며 너무 깊게 빠지지 않으려고 하는데 생각하는 시간이 길어질수록 오히려 심플함에서 멀어지는 느낌을 받은 것 같다""고 덧붙였다.
JYP엔터테인먼트 박진영 대표 프로듀서는 최근 데이식스에 대해 ""앨범 발매 전 기획 회의가 가장 즐겁고 부담 없는 가수"", ""SBS '라우드'에서 말한 히트곡 조건 '특이한데 평범한 곡'이 바로 '뚫고 지나가요' 같은 노래"" 등 호평을 한 바 있다. 
박진영 프로듀서가 첫 솔로 앨범에 대해서는 어떤 평가와 조언을 해줬는지, 이번 앨범을 들은 데이식스 멤버들의 반응은 어땠는지에 대한 질문에 영케이는 ""일단 PD님께서는 수고했다고 말씀해주셨고 솔로 축하한다는 말도 전해주셨다. 나중에 직접 만나 뵙게 되면 자세한 조언과 평가를 받을 수 있을지 않을까 싶다. 멤버들은 뮤직비디오 촬영장에 와서 응원을 해줬는데 뭔가 쑥스럽기도 하고 든든한 마음이 들어 정말 고마웠다""고 답했다.
이번 앨범은 영케이가 10월 12일 군 입대(카투사 입대) 전 마지막으로 선보이는 음반이다. 1993년 생 영케이는 10월 12일 카투사로 현역 입대한다. 아이돌 가수의 카투사 합격은 최초다.
영케이는 입대를 앞두고 무한한 사랑을 보내주는 팬들을 위해 '영원히 노래하고 싶다'는 마음을 담아 솔로 첫 미니 앨범을 완성함으로써 음악 인생 1막을 성공적으로 마무리했다. ""모든 순간을 세상이 들을 수 있도록, 모든 이야기가 온전히 세상을 채울 수 있도록"" 노래할 영케이의 진심은 듣는 이들의 삶과 일상 그리고 ‘영원’에 닿아 어떤 모습과 어떤 형태로든 진한 울림을 안길 전망이다.
영케이는 카투사 지원 계기에 대해 ""저희 아버지가 카투사에서 복무했다. 예전부터 아버지에게 (카투사에 대한) 좋은 이야기를 많이 듣기도 했고 주변 분들에게 추천을 받아 지원하게 됐는데 운이 좋게 합격해 좋은 기회가 된 것 같아 잘 준비해 잘 다녀오도록 하겠다""고 설명했다.
데이식스는 지난 3월 8일 육군 현역으로 입대한 리더 성진에 이어 영케이가 10월 카투사로 입대하며 팀 활동 면에서 '군백기'(군대+공백기)에 접어들었다. 
영케이는 '군백기' 이후 데이식스의 모습에 대해 ""좋은 음악, 좋은 모습으로 돌아와 무대 위에서 마이데이 분들과 함께 뛰는 모습을 상상하기도 한다. 지금처럼 마이데이 분들과 소중한 추억을 쌓고 음악에 대해 계속 고민할 수 있다면 좋을 것 같다""고 말했다.
첫 솔로 활동을 통해 얻고 싶은 수식어나 성과는 무엇일까. 영케이는 ""이번 활동을 통해 얻고 싶은 수식어는 다음이 기다려지는 가수다. 성과는 우리 마이데이 분들이 내 음악을 기억해주고 내 미래를 기대해주시는 것만으로도 충분할 것 같다고 생각한다""고 밝혔다.
(사진=JYP엔터테인먼트 제공)
뉴스엔 황혜진 blossom@
기사제보 및 보도자료 newsen@newsen.com copyrightⓒ 뉴스엔. 무단전재 & 재배포 금지",2021. 09. 06. 16:00
[포토] 스테이씨 '컬러풀 앤 펑키',"그룹 스테이씨(STAYC)가 6일 오후 첫 번째 미니앨범 '스테레오타입'(STEREOTYPE) 발매 기념 쇼케이스를 온라인으로 진행했다. 
스테이씨(수민, 시은, 아이사, 세은, 윤, 재이) 멤버들이 포토타임에서 포즈를 취하고 있다. <사진=하이업엔터테인먼트 제공> 
김진경 기자 kim.jinkyung@joongang.co.kr/2021.09.06/",2021. 09. 06. 16:00
"고성 공룡나라 쇼핑몰 ""할인쿠폰·공룡엑스포 입장권 쏜다""","고성 공룡나라 추석 이벤트 [경남 고성군 제공. 재판매 및 DB 금지]
           

(경남 고성=연합뉴스) 이정훈 기자 = 경남 고성군이 직영하는 인터넷 마켓 '공룡나라 쇼핑몰'이 6일부터 추석맞이 이벤트를 시작했다.
오는 24일까지 쇼핑몰을 이용한 회원 중 선착순 400명에게 5천원권 할인 쿠폰을 준다.
또 고성군 주민이 아니면서 10만원 이상 구매한 우수 회원 100명에게 10월 1일 개막하는 경남고성공룡세계엑스포 입장권 4장(어른 2·어린이 2)을 선착순으로 선물한다.
공룡나라 쇼핑몰은 고성군이 품질을 보증한 농수축산물과 특산물을 판다.
105개 업체가 햅쌀, 한우고기, 우리쌀전병, 멸치, 햇고춧가루, 햇고구마, 마른표고버섯, 장류 등 530개 품목을 취급한다.
seaman@yna.co.kr",2021. 09. 06. 16:00
"포항시의회, 현안 등돌린 의정·뒷북 의정 '비난 확산'","기사내용 요약 대규모 수해 죽장면 예산편성·자원봉사 전무 포항지진진상조사위 발표 보름 지나 성명서 채택 트롤어선 이동조업 반대 성명서도 정부 확정 뒤 발표 의원 윤리위는 출범 후 단 한 차례도 열리지 않아



            사진은 포항시의회 전경.
           

[포항=뉴시스] 강진구 기자 = 경북 포항시의회의 지역 현안에 등돌린 의정활동과 뒷북의정에 대해 6일 '의회 무용론'이 갈수록 확산되고 있다.
겸직의무를 위반하고 의정활동을 통해 개인 사업이나 이권에 개입하는 의원들도 비일비재하지만 의원 윤리위원회는 출범 후 현재까지 '개점휴업'상태로 시민이익은 등한시한 채 의원 개인 이익만 추구하는 '식물의회'란 비난도 일고 있다.
제12호 태풍 '오마이스'의 영향으로 포항시 죽장면은 지난 8월 24일부터 총 227.5㎜의 집중 호우가 내려 하천이 넘치고 도로와 다리 등이 유실됐다. 구룡포읍과 장기면, 동해면 등도 상가와 주택 등이 침수되는 피해를 입었다.
중앙재난피해 합동조사단 피해조사 결과 포항시는 주택 189가구, 농경지 유실·매몰 54㏊, 농작물 피해 269㏊, 공공시설 850곳 등 총 88억 원의 재산피해가 발생한 것으로 집계됐다.
이에 시는 최근 10년간 최대의 수해피해를 입은 이들 지역의 복구를 위해 전 공무원은 물론 기관·단체, 자원봉사자 등의 자발적인 참여를 호소하며 피해복구에 안간힘을 쏟고 있다.
하지만 시의회는 피해 발생(8월24일)부터 현재(9월6일)까지 단 한 차례도 피해복구에 참여하지 않은 것은 물론 지난 8월 30일부터 9월 1일까지 열린 임시회에서조차 피해복구를 위한 예산 편성 등을 논의하지 않은 채 2회 추경예산을 의결하고 폐회했다.
죽장 출신 A시의원은 이 같이 무관심한 시의회의 행태에 대해 비난하며 이날 간담회장에서 퇴장하자 시의회는 다음날(2일) 의회 차원에서 자원봉사에 나서자고 협의해 놓고 정작 당일 비가 오자 '번거롭다'며 이마저 취소했다.
결국 시의회는 수해 발생부터 현재까지 수해피해와 관련 의정활동은 수해 당일 집행부가 현장을 방문한 것을 제외하곤 전무한 실정이다.
반면 경북도의회 이칠구(국민의힘·포항)의원은 지난 2일 열린 제325회 임시회 제2차 본회의 5분 발언을 통해 12호 태풍 '오마이스'와 집중호우로 최악의 물난리를 겪고 있는 포항 지역의 막대한 피해를 복구하기 위해 포항을 특별재난지역으로 지정할 것을 촉구했고 경북도는 지난 5일 포항시 등에 응급복구 예산 32억원을 재난안전특별교부세와 도 예비비로 긴급 지원해 이 같은 시의회의 행태와 대비되고 있다.
앞서 국무총리 소속 포항지진진상조사위원회(위원장 이학은)는 지난 7월 29일 시청 대잠홀에서 포항지진 진상조사 결과에 대한 주민설명회를 열어 지열발전 기술개발 과정에서 무리한 수리자극으로 포항지진이 촉발됐음을 재확인하고 원인 제공자와 책임자에 대한 조치 계획을 발표했다.
이에 이강덕 시장과 정해종 시의장, 김정재·김병욱 국회의원은 같은 날 오후 기자회견을 열어 ‘포항지진 진상조사위원회의’ 조사결과 발표에 대해 ""지열발전 사업의 무리한 추진과 관리소홀, 안이한 안전조치, 부적절한 대처로 촉발지진이 발생했다는 것이 ‘정부조사연구단’과 ‘감사원 감사결과’에 이어 새롭게 밝혀진 것은 다행""이라고 입장을 밝혔다.
이들은 ""수많은 시민들이 삶의 터전을 잃고 지역경제가 침체에 빠졌으며 현재까지도 일부 시민은 정신적 트라우마와 후유증을 겪고 있는 상황에서 지진을 촉발한 원인을 제공한 관련자들에 대한 책임 소재가 더 철저하고 명확히 밝혀지지 않고, 조치가 미흡한 부분은 아쉽다""고 강조했다.
이와 관련 포항시의회 지진피해대책특별위원회는 이 같은 발표가 있은 지 20일이나 뒤늦은 지난 8월 17일 위원회를 열어 피해구제 지원금 지급 및 포항지진 진상조사위원회 발표에 대한 대응방안을 논의하고 발표 결과에 대해 '포항시민들은 인정할 수 없다'며 성명서를 채택하는 '뒷북 의정활동'을 했다.
동해안 어민들의 막대한 피해가 우려되는 대형트롤어선의 동경 128도 이동 조업과 관련 시는 지난 8월 29일 동해안 전체 어업인들에게 큰 타격을 입힐 것으로 우려된다며 결사 반대 입장을 밝혔다.
시의회는 이보다 4일이 지난 9월 1일 임시회를 열어 대형트롤어선 동경 128도 이동 조업에 반대하는 성명서를 채택했다.
그러나 해양수산부는 시의회가 반대 성명서를 발표하기 하루 전인 8월 31일 대형트롤어선 동경 128도 이동 조업에 대해 '없던 일'로 하기로 결정을 한 상태로, 시의회는 현안사업에 대한 기본적인 확인도 없이 성명서를 채택하는 한발 늦은 의정활동을 했다는 비판을 받고 있다. 
시민들은 시의회의 이 같은 지역 현안에 등돌린 의정활동과 뒷북 의정에 대해 '의회 무용론'을 제기하고 있다.
무엇보다 의원겸직 의무를 위반한 채 상임위 활동을 통해 개인 잇속을 챙기는 행태에 대해 맹비난하고 있다.
시의회 의회운영위원회(안병국 위원장)는 지난 2020년 10월 19일 제277회 임시회를 열어 의원들의 공정하고 청렴한 직무 수행 보장과 지방자치에 대한 시민들의 신뢰를 높이기 위해 ‘포항시의회 의원 행동강령 조례 전부 개정안’을 원안 가결하고 의원 윤리위원회를 출범했지만 현재까지 단 한 차례도 개최되지 않고 있다. 
이에 일부 시의원은 직위를 이용해 공무원에게 압력을 행사해 어린이집 운영과 관련 협동조합 허가를 받은 데 이어 또 다른 시의원도 같은 방식으로 협동조합 허가를 준비하고 있는 등 의정활동이 개인의 사적 이익을 추구하는 수단으로 이용되고 있다는 비난이 확산되고 있지만 정작 당사자들은 '내로남불'이라며 사업추진을 강행해 논란이 확산되고 있다.
대이동 B씨는 ""시의회의 뒷북의정은 어제 오늘의 일이 아니다""며 ""이 같은 '돼도 그만 안돼도 그만'식의 의정활동은 의원 개개인의 자질은 물론 집행부의 책임이 크다""고 비판했다.
양덕동 C씨는 ""일부 시의원의 행태는 몰염치, 몰양심을 떠나 마치 개인사업을 하듯 의정활동을 하고 있지만 아무도 제지하는 사람이 없다""며 ""포항시의회는 역대 최악의 의회로 다음 지방선거에서 반드시 표심으로 심판해야 한다""고 지적했다. 
정치권 한 인사는 ""허대만 위원장이 그 동안 성실과 상식에 기반한 의정활동으로 다진 민주당의 텃밭이 일부 도·시의원에 의해 한 순간에 무너지고 있다""며 ""정치의 정도(正道)와 상도(常道)를 벗어난 일부 시의원들의 이 같은 일탈 행위는 포항 정치사에 오점으로 남을 것""이라고 말했다.
☞공감언론 뉴시스 dr.kang@newsis.com",2021. 09. 06. 16:00
"더 심화되는 투고타저, 아쉬운 올림픽 브레이크와 방역위반?","두산 선수들이 22일 열린 2021프로야구 두산베어스와 한화이글스의 경기를 패한후 그라운드에 나와 인사를 하며 마무리하고 있다. 2021.08.22. 잠실 | 강영조기자 kanjo@sportsseoul.com
           



             [스포츠서울 | 이환범기자] 한달간의 올림픽 브레이크 투수들이 유리했다?
           

올시즌은 지난해에 비해 투고타저 현상이 심화되고 있다. 팀평균자책점은 4.76에서 4.54로 약간 낮아졌는데, 팀타율은 0.273에서 0.260으로 1푼3리나 추락했다. 그런데 올시즌 올림픽 브레이크를 전후로 비교해보면 타격침체가 후반기 들어 더 심해진다.
올림픽 브레이크 전인 7월 11일까지는 팀평균자책점이 4.59였고, 팀타율은 0.263이었다. 그런데 8월 리그 재개 이후만 따져보면 팀평균자책점은 4.33, 팀평균타율은 0.249로 방망이가 더 차갑게 식었다. 전반기를 합산하면 평균자책점은 0.05가 줄었고, 팀타율은 0.03이 하락했다.
KBO프로야구는 올림픽 브레이크를 앞두고 NC 한화 두산발 방역위반 사건이 터지면서 시즌을 조기 중단했다. 당초 올림픽 브레이크 기간을 포함해 휴식기간이 한 달이나 됐다. 이는 곧바로 투타에 영향을 준 것으로 보이는데 그 중에서도 타격 침체에 더 큰 역할을 했다.
보통 경기가 없으면 체력은 회복되지만 실점 감각은 무뎌질 수 밖에 없다. 특히 타자들의 실전 감각은 더 떨어질 수 밖에 없다. 게다가 찬바람이 불기 시작하면서 투수들은 여름에 떨어졌던 구위를 다소 회복할 수 있는 시기이기도 하다. 이런 요소들이 맞물리면서 투고타저 현상이 더 심화되고 있는 것으로 보인다.
2021KBO프로야구는 42~50경기를 남겨놓고 있는 가운데 포스트시즌 진출 마지노선인 5강을 순위싸움이 더욱 뜨거워지고 있다. 투타가 모두 중요하지만 막판 스퍼트의 핵심은 식어버린 방망이가 얼마나 빨리 회복할 수 있느냐에 달려있는 것으로 보인다. white@sportsseoul.com",2021. 09. 06. 16:00
[포토친구] 가을이 오면..,"포토친구  갤러리 이동   













초록의 캔버스에 빨갛고 노란 물감으로 온 세상을 물들일 거예요. 사람들의 마음까지도... 수목원에서 사진가 산골짜기",2021. 09. 06. 16:00
"짜릿한 승부.. T1, '배틀그라운드 스매쉬 컵 시즌5' 우승","크래프톤 제공.
           

[OSEN=임재형 기자] T1이 ‘배틀그라운드 스매쉬 컵 시즌5(이하 BSC 시즌5)’에서 담원을 3포인트 격차로 제치고 짜릿한 우승을 차지했다.
T1은 지난 4일, 5일 양일 간 열린 ‘배틀그라운드’ e스포츠 대회 'BSC 시즌5'에서 우승컵을 들어올렸다. ‘BSC 시즌5’에서는 한국 12개 팀과 오픈슬롯 1개 팀, 스트리머 3개 팀을 포함한 총 16개 팀이 접전을 펼쳤다. 이번 시즌 5에는 지난 시즌3에서 사용했던 ‘포인트 우선 달성’ 방식을 변형해 진행했다. 매 매치 치킨 포인트와 킬 포인트를 합산해 총 포인트를 산출하며, ‘토털 포인트 90점’을 가장 먼저 달성한 팀이 우승을 차지하는 방식이다.
이번 대회는 5개의 본 매치로 승부가 나지 않아 6매치를 연장했다. BSC 시즌3 이후 또 한 번의 연장 혈투를 보여줬다. 그 결과 최종 매치에서 가장 먼저 90점을 달성한 T1이 담원을 누르고 극적으로 우승 팀에 등극했다.
T1은 14매치까지 3위에 머물렀지만, 15매치 치킨을 획득하면서 1위(89점)로 올라섰다. 최종 매치에서는 4킬을 추가하며 최종 93점으로 우승을 차지했다. 담원은 참가 팀 가운데 가장 많은 4치킨을 기록하며 최종 포인트 90점을 달성했지만 T1에 우승을 내주고 2위에 머물렀다.
3위부터 6위에는 매드 클랜, 젠지, 아프리카 프릭스, 기블리가 이름을 올렸다. 우승팀 T1은 상금 1500만원을 획득했다. 2위 담원이 500만 원, 3위 매드 클랜이 300만 원을 각각 획득했다. /lisco@osen.co.kr",2021. 09. 06. 16:00
"[이슈밀착] ""한국은 선진국.. 난민 수용, 선택의 문제 아니라는 점 당당히 말해야""","편집자주
           이왕구 논설위원이 노동ㆍ건강ㆍ복지ㆍ교육 등 주요한 사회 이슈의 이면을 심도 깊게 취재해 그 쟁점을 분석하고 해법을 모색하는 코너 입니다. 주요 이슈의 주인공과 관련 인물로부터 취재한 이슈에 얽힌 뒷이야기도 소개합니다.
          



            지난달 27일 인천공항에 도착한 아프가니스탄 한국인 조력자와 가족들이 군 수송기에서 내려 코로나19 검사를 위해 버스로 이동하고 있다. 연합뉴스
           

 탈레반 세력을 피해 아프가니스탄에서 한국 정부를 도왔던 현지인 377명이 지난달 ‘특별기여자’ 자격으로 국내에 입국했다. 이들은 8주간의 임시보호생활 이후 장기체류자격을 얻을 예정이다. 이 조치에 대해 국민 10명 중 7명이 ‘공감한다’고 응답했을 정도로 여론의 지지를 받는다. 아프간 기여자들이 머물고 있는 국가공무원인재개발원 소재지 충북 진천군의 특산물 쇼핑몰인 ‘진천몰’은 주문이 밀려 운영이 일시 중단됐을 정도로 격려도 쇄도했다. 하지만 이들의 국내 정착을 막아달라는 반대 목소리도 만만치 않다. 지난달 24일 게시된‘난민 받지 말아주세요’라는 제목의 청와대 국민청원에는 3만 명이 동의했다. 한국 정부에 기여한 외국인을 보호하는건 당연한 의무라는 생각과 중동 출신 무슬림 난민에 대한 막연한 공포에 기인한 반(反) 난민 정서가 충돌하는 상황이다. 2018년 예멘 난민 549명 입국 후 불거졌던 난민 이슈가 3년 만에 다시 수면 위로 떠오르고 있다. 

아시아 최초의 난민법 시행국… 현실은 ’솎아내기’ 난민 심사 
 한국은 1992년 유엔난민협약에 가입했고 2013년 아시아 국가 최초로 독립된 난민법을 시행하는 등 난민 심사를 위한 제도적 절차를 갖췄다. 난민법은 국제사회에 한국이 난민을 포용하겠다는 ‘신호’로 작용해 법 시행 전(1994~2013년) 한 해 평균 500명 수준에 불과했던 난민신청자들은 이후 급증했다. 2014년 2,896명이었던 난민신청자는 코로나 사태 직전인 2019년에는 1만5,452명으로 5배가량 증가했다.
하지만 우리나라에서 난민으로 인정받기는 낙타가 바늘구멍에 들어가는 일만큼 어렵다. 지난해 난민 인정은 69명, 올해는 7월까지 28명으로 심사대상 중 난민으로 인정받는 난민인정률은 2.8%(총 난민 인정자 1,119명)에 불과하다. 난민 지위는 얻지 못하지만 비인도적 처우를 받을 가능성 때문에 추방하지 않는 ‘인도적 체류자’(2,409명)를 합쳐도 국내에서 사실상 난민으로 보호하는 외국인은 3,500명 남짓이다. 240만 명에 달하는 국내 체류 외국인의 0.15% 수준이다. 한국의 난민인정률은 주요 20개국(G20) 국가 중 일본(0.3%)을 제외한 19위다.
 전문가들은 우리 정부가 난민을 받아들이겠다는 의지를 천명했음에도 난민을 얼마나 그리고 어떻게 받아들일지에 대한 정책적 고민이 부재한 결과 제도와 현실 간 괴리가 커졌다고 분석한다. 실제로 난민신청자 상당수는 ‘난민 심사-불인정 심사종결-이의신청-불인정 심사종결-행정소송 제기 후 패소-난민 심사 재(再)신청’의 과정을 수년간 반복한다. 난민전담공무원 93명이 한 해 1만 건이 넘는 난민 심사를 떠안아야 하는 인력 규모로는 형식적ㆍ자의적으로 심사가 진행될 수밖에 없다. ‘국경의 수호’가 조직의 존립 목적인 출입국ㆍ외국인정책본부에서 난민 심사 업무를 맡으면서 난민에 대한 부정적 시선으로 심사가 진행된다는 지적도 나온다. 원곡법률사무소의 유승희 변호사는 “난민신청자들은 급박한 상황에 몸만 빠져나오기 바빠 증거자료보다는 진술로 난민임을 주장할 수밖에 없다”며 “하지만 심사관들은 이런 진술을 믿지 않을뿐더러, 각국 상황에 대한 정보와 이해가 부족해 형식적으로 심사가 이뤄진다”고 주장했다. 난민신청자들은 출신국으로부터 안전을 도모하기 어려운 탓에 한국 내 자국 대사관에서 판결문, 체포영장 등 난민임을 입증할 공적 자료를 얻는 일도 사실상 불가능하다.
 인권단체들은 출입국 당국의 자의적 심사는 물론 법원의 소극적 판단도 걸림돌이라고 지적한다. 2018년 자국에서 열린 대선의 부정선거를 막기 위해 이 선거에 쓰일 한국산 투표기기 수출에 반대하는 1인 집회에 참가했던 아프리카 A국 출신의 레베카(가명)씨. 그는 한국 내 A국 출신자들과 단체를 조직해 투표기기 수출을 반대하는 성명서를 냈다. 당시 A국에서는 선거에 반대하는 인사들에 대한 체포가 이뤄지고 있어 그는 고국으로 돌아가면 정치적 박해를 받을 가능성이 높았다. 하지만 레베카씨는 지난달 난민불인정 처분취소소송에서 패소했다. 법원은 그를 “한국 난민제도를 이용해 장기체류를 하려는 것으로 보인다”고 판단했다. 반면 레베카씨와 함께 성명서에 이름을 올린 단체의 간부는 난민인정을 받았다. 유승희 변호사는 “성명서에 이름이 올라갔다면 간부건 풀뿌리 회원이건 본국에서 주목하는 건 마찬가지일 텐데 법원이 무슨 기준으로 판단했는지 알 수가 없다”고 꼬집었다. 
2000년 한국에 입국한 서남아시아 B국 출신의 아프라시압(가명ㆍ45)씨. 종교적 이유(시아파)로 수니파 국가인 자국에서 일상적인 괴롭힘을 당하던 그는 난민인정소송에 패해 미등록상태로 외국인보호소에 구금돼 있다 풀려났다. 지난해 다시 난민인정소송을 제기했지만 재판 진행 직전 판사는 그의 변호인에게 “이게 민사 소송이었다면 각하감이다. (패소할 게 뻔하니) 소송을 하지 말라”고 짜증 섞인 고함을 질렀다고 한다. 아프라시압씨는 결국 다시 패소한 뒤 강제출국 유예상태로 현재 이주민 지원단체의 도움을 받으며 국내에 머물고 있다. 공익법센터 어필의 이일 변호사는 “난민 인정 증거가 없으면 없다는 이유로, 많으면 증거가 의심스럽다는 이유로 출입국 당국과 법원이 난민인정을 거부하고 있다”며 “당국이 난민 발생국가의 복합적 상황을 파악하고 신청자의 진술이 부합하면 난민으로 인정해야 한다”고 주장했다. 



            연도별 난민인정
           


세대불문 반 난민 정서… 상상 속 '무슬림 공포’ 
 한국이 국제적 위상에 걸맞지 않게 난민에 대해 폐쇄적 태도를 취한다는 인권단체들의 비판은 끊이지 않지만 남녀노소를 불문하고 난민에 대한 부정적인 여론이 높다. 유엔난민기구(UNHCR)와 한국리서치가 지난해 11월 1,016명을 대상으로 ‘난민 태도 인식변화’ 설문조사를 한 결과, 난민 수용에 대한 거부(53%)가 찬성(33%)보다 크게 높았다. 예멘 난민 수용 반대 청원이 한창이던 2018년 6월(거부 56%)에 비해 부정적 태도도 별로 줄어들지 않았다. 여성(56%)이 남성(49%)보다 거부 비율이 높았고, 18~29세(65%)가 모든 연령대 중 가장 거부감이 높았는데, 사회ㆍ문화적으로 가장 개방적인 젊은 여성들에게조차 강한 반 난민 정서를 갖고 있다는 점이 확인됐다. 심지어 유엔난민기구가 규정한 난민인정조건(인종, 종교, 국적, 정치적 의견, 특정 사회적 집단의 구성원 신분) 이외에 모국에서의 전과 여부, 모국에서의 사회경제적 지위 등 추가적 선별조건이 필요하다는 응답이 57%에 달했다. 이는 유엔난민협약에 위배될 가능성이 높다.
 반면 난민을 주장하는 이들은 우리 국민이 감당해야 할 경제적 부담, 범죄 등 사회문제 발생 가능성, 가짜 난민이 많을 것 같다는 점을 근거로 제시한다. 아프간 기여자들이 체류 중인 충북혁신도시 주민 300여 명은 최근 카카오톡에 오픈채팅방을 만들고 수용기간 후 아프간인들을 다른 지역으로 이송해달라는 요구를 하고 있다. 이 오픈채팅방에는 아프간 기여자 등 특별공로자들에게 장기체류자격을 부여(F-2)하고 제한 없이 취업활동을 하도록 하는 출입국관리법시행령 개정을 강력히 반대하는 목소리가 득세한다. 이런 주장의 근저에 깔려 있는 건 치안에 대한 우려다. 이형오 난민대책 국민행동 대표는 “온건한 분들도 있겠으나 탈레반처럼 급진적인 분들이 없으리라고 장담할 수 없다”며 “아프간인 400명을 받아들였더니 또 기여자 1,000명을 더 받아들여야 한다는 주장이 나오는 등 요구가 끝이 없다”고 주장했다.
 하지만 무슬림 난민들이 늘어나면 범죄 증가 등으로 이어질 것이라는 주장에는 명확한 근거가 없다. 정상률 명지대 중동문제연구소 교수는 “전 세계 무슬림 12억 명 중 이슬람국가(IS), 탈레반, 알카에다 등 정파의 이익을 위해 폭력을 불사하는 ‘정치화된 무슬림’은 5,000만 명 정도라는 통계가 있다”며 “국내 무슬림도 주시할 필요는 있지만 전체적으로 온건하다고 볼 수 있다”고 말했다. 중동연구자인 구기연 서울대 아시아연구소 HK연구교수는 무슬림에 대한 우리 사회의 공포를 ‘상상의 공포’라고 분석한다. 2001년 9ㆍ11테러와 2010년대 IS의 테러 등 과격한 무슬림의 이미지들이 뉴스로 소비되면서 무슬림에 대한 부정적 선입견이 형성됐다는 것이다. 구 교수는 상실된 선교의 동력을 회복하기 위한 방안으로 개신교계 일각에서 근거 없는 ‘무슬림 포비아’를 퍼뜨린 것도 반 난민 정서에 영향을 줬을 것으로 본다. 
난민 지원에 과도한 예산을 사용한다는 주장도 별로 설득력이 없다. 난민인정자의 권리는 일반 국민처럼 기초생활수급 신청이 가능하고 자녀가 초·중학교 의무교육을 받을 수 있는 정도다. 난민신청자의 경우 생계비(월 4인 가구 최대 117만 원) 지원을 받을 수 있지만 2018년 1만5,452건의 난민신청 중 542명만 생계비를 지원(총 예산 7억9,300만 원) 받았다. 2019년과 지난해에는 지원받은 가구가 262명으로 줄었다. 난민 신청 후 6개월간은 일을 할 수 없지만 이들은 평균 3.2개월만 생계비를 지급받았다. 언어장벽 등으로 실제로는 이용할 수 없는 경우도 다반사다. 



            지난달 26일 국회 앞에서 난민대책 국민행동 회원이 아프간 현지 기여자 수용 반대와 난민법 폐지를 주장하고 있다. 연합뉴스
           


정부와 정치권의 솔직한 설득 필요 
 일각의 주장처럼 국내 난민신청자 중 취업을 위한 체류 연장을 목적으로 난민제도를 악용하는 외국인들은 존재한다. 이들을 ‘가짜 난민’이라고 보는, 반 난민 정서를 누그러뜨리고 난민들과 공존하는 방식으로 사회통합을 이루기 위해선 정부의 좀더 솔직한 태도가 필요하다고 전문가들은 지적한다. 자본과 인력의 국가 간 이동이 자유로워진 이상 후발국가에서 우리나라로의 인력 이동은 거스를 수 없다는 점, 국내 노동시장에서 이들의 노동력이 필요하다는 점을 설득시켜야 한다는 얘기다. 홍성수 숙명여대 법학부 교수는 “외환위기 이후 ‘우리와 저들’의 구도를 나누고 내가 속한 작은 집단의 배타적 이익을 강조하는 일련의 흐름 속에서 반 난민 정서도 싹이 텄다”며 “생산가능인구의 급감 추세를 감안할 때 중·장기적으로는 난민 수용이 국익에 도움이 될 수 있다는 점을 정부와 정치권이 솔직하게 국민들에게 설득해야 한다”고 말했다. 
장지향 아산정책연구소 중동지역센터장은 “일부 오해와 달리 국내의 난민신청자는 잠재적 범죄자가 아니라 테러, 전쟁, 독재정권의 폭력 피해자”라며 “난민 수용은, 국제적으로 이제 한국 정도의 선진국가가 하기 싫다고 거부할 수 없는 사안이라는 점을 정부가 당당히 말해야 한다”고 강조했다. 김영아 아시아평화를 위한 이주(MAP) 대표는 “노동시장이건 의료나 보건분야건 난민에 대해 경제적으로 접근하면 무조건 플러스”라며 “이제는 난민 인정자들에게 어느 정도의 사회복지 혜택을 줄 수 있을지 정부, 지자체, 시민사회 등이 합의해야 할 때”라고 말했다.



            난민 신청 사유
           

이왕구 논설위원 fab4@hankookilbo.com",2021. 09. 06. 16:00
"""한·일전이 가장 짜릿했다"" 김연경이 꼽은 도쿄올림픽 최고의 경기","[마이데일리 = 박승환 기자] '배구 여제' 김연경(33·상하이)가 도쿄올림픽에서 가장 기억에 남는 경기로 한·일전을 꼽았다.
김연경은 6일 화상인터뷰를 통해 기자회견을 가졌다. 2020 도쿄올림픽을 끝으로 국가대표 '태극 마크'를 내려놓는 심경과 가장 기억에 남는 경기, 스테파노 라바리니 감독과 주고받은 대화를 공개했다.
김연경은 ""올림픽에서 많은 사랑을 받았다. 요즘 감사함을 많이 느낀다. 올림픽이 정말 큰 대회고, 열심히 했다는 것을 느꼈다""며 ""한·일전이 가장 짜릿했다. 특히 12-14에서 역전승으로 마무리를 했기 때문에 말로 표현할 수 없을 만큼 좋았다. 당시가 가장 기억에 많이 남는다""고 설명했다.
한국은 지난 7월 29일 일본 도쿄의 아리아케 아레나에서 열린 2020 도쿄올림픽 A조 예선 라운드 일본과 맞대결에서 세트 스코어 3-2(25-19 19-25 25-23 15-25 16-14)로 승리하며 8강 진출 티켓을 확정지었다.
당시 한국은 1세트를 따내며 기분 좋은 스타트를 끊었다. 하지만 2세트를 내주며 경기는 원점이 됐다. 이후 한국과 일본은 각각 한 세트씩을 주고받는 등 5세트까지 가는 접전을 펼쳤다. 한국은 5세트 12-14로 뒤진 상황에서 연속 득점에 성공해 듀스를 만들어냈고, 짜릿한 역전승을 거뒀다.
도쿄올림픽에서 4강 진출에 성공하면서 많은 응원의 메시지도 받았다. 김연경은 ""요즘 댓글이 사라졌지만, SNS에서 하트를 많이 보내주시더라. 그리고 오글거리는 멘트도 많이 보내주신다""고 웃으며 ""가장 기억에 남는 것은 '교회에서는 성경, 불경에서는 불경, 배구에서는 김연경'이 인상 깊었다. 재밌었고, 앞으로도 많이 부탁드린다""고 말했다.



태극 마크를 내려놓은 김연경은 오는 2022 항저우 아시안게임부터는 국가대표로 출전하지 않는다. 대표팀 은퇴와 관련해 스테파노 라바리니 감독과도 여러가지 대화를 나눴던 김연경이다. 김연경과 라바리니 감독은 클럽에서 만나지 않는다면, 감독과 선수로서는 마지막 동행이었다.
그는 ""감독님이 뭐라고 했는지 잘 기억나지는 않는다. 하지만 '선수들은 항상 마음이 바뀐다. 언제든 복귀할 수 있다는 생각을 한다'고 하셨다. 그래서 일주일에 한 번씩 '정말 은퇴하냐?'고 물어보셨다. 라바리니 감독님이 은퇴에 대해서 많은 아쉬움을 남겼다""고 전했다.
계속해서 김연경은 ""감동적인 이야기는 없었다""면서도 ""좋은 선수, 좋은 사람이라는 말씀은 많이 해주셨다. 그리고 '네가 이때까지 고생하고 희생했던 것이 대단하다. 큰 선수가 리그의 어린 선수들을 이끄는 모습이 대견하고 좋아 보였다'고 해주셨다""고 미소를 지었다.
선수로 뛰지는 않지만, 뒤에서 대표팀을 서포트하겠다는 입장이다. 김연경은 ""앞으로도 대표팀을 뒤에서 돕고 할 것이다. 여자 배구에 많은 관심 가져주셨으면 좋겠다""며 ""나도 선수 생활 최선을 다해서 열심히 하겠다""고 힘주어 말했다.",2021. 09. 06. 16:00
[포토친구] 가을이 오면..,"포토친구  갤러리 이동   













초록의 캔버스에 빨갛고 노란 물감으로 온 세상을 물들일 거예요. 사람들의 마음까지도... 수목원에서 사진가 산골짜기",2021. 09. 06. 16:00
"짜릿한 승부.. T1, '배틀그라운드 스매쉬 컵 시즌5' 우승","크래프톤 제공.
           

[OSEN=임재형 기자] T1이 ‘배틀그라운드 스매쉬 컵 시즌5(이하 BSC 시즌5)’에서 담원을 3포인트 격차로 제치고 짜릿한 우승을 차지했다.
T1은 지난 4일, 5일 양일 간 열린 ‘배틀그라운드’ e스포츠 대회 'BSC 시즌5'에서 우승컵을 들어올렸다. ‘BSC 시즌5’에서는 한국 12개 팀과 오픈슬롯 1개 팀, 스트리머 3개 팀을 포함한 총 16개 팀이 접전을 펼쳤다. 이번 시즌 5에는 지난 시즌3에서 사용했던 ‘포인트 우선 달성’ 방식을 변형해 진행했다. 매 매치 치킨 포인트와 킬 포인트를 합산해 총 포인트를 산출하며, ‘토털 포인트 90점’을 가장 먼저 달성한 팀이 우승을 차지하는 방식이다.
이번 대회는 5개의 본 매치로 승부가 나지 않아 6매치를 연장했다. BSC 시즌3 이후 또 한 번의 연장 혈투를 보여줬다. 그 결과 최종 매치에서 가장 먼저 90점을 달성한 T1이 담원을 누르고 극적으로 우승 팀에 등극했다.
T1은 14매치까지 3위에 머물렀지만, 15매치 치킨을 획득하면서 1위(89점)로 올라섰다. 최종 매치에서는 4킬을 추가하며 최종 93점으로 우승을 차지했다. 담원은 참가 팀 가운데 가장 많은 4치킨을 기록하며 최종 포인트 90점을 달성했지만 T1에 우승을 내주고 2위에 머물렀다.
3위부터 6위에는 매드 클랜, 젠지, 아프리카 프릭스, 기블리가 이름을 올렸다. 우승팀 T1은 상금 1500만원을 획득했다. 2위 담원이 500만 원, 3위 매드 클랜이 300만 원을 각각 획득했다. /lisco@osen.co.kr",2021. 09. 06. 16:00
"[이슈밀착] ""한국은 선진국.. 난민 수용, 선택의 문제 아니라는 점 당당히 말해야""","편집자주
           이왕구 논설위원이 노동ㆍ건강ㆍ복지ㆍ교육 등 주요한 사회 이슈의 이면을 심도 깊게 취재해 그 쟁점을 분석하고 해법을 모색하는 코너 입니다. 주요 이슈의 주인공과 관련 인물로부터 취재한 이슈에 얽힌 뒷이야기도 소개합니다.
          



            지난달 27일 인천공항에 도착한 아프가니스탄 한국인 조력자와 가족들이 군 수송기에서 내려 코로나19 검사를 위해 버스로 이동하고 있다. 연합뉴스
           

 탈레반 세력을 피해 아프가니스탄에서 한국 정부를 도왔던 현지인 377명이 지난달 ‘특별기여자’ 자격으로 국내에 입국했다. 이들은 8주간의 임시보호생활 이후 장기체류자격을 얻을 예정이다. 이 조치에 대해 국민 10명 중 7명이 ‘공감한다’고 응답했을 정도로 여론의 지지를 받는다. 아프간 기여자들이 머물고 있는 국가공무원인재개발원 소재지 충북 진천군의 특산물 쇼핑몰인 ‘진천몰’은 주문이 밀려 운영이 일시 중단됐을 정도로 격려도 쇄도했다. 하지만 이들의 국내 정착을 막아달라는 반대 목소리도 만만치 않다. 지난달 24일 게시된‘난민 받지 말아주세요’라는 제목의 청와대 국민청원에는 3만 명이 동의했다. 한국 정부에 기여한 외국인을 보호하는건 당연한 의무라는 생각과 중동 출신 무슬림 난민에 대한 막연한 공포에 기인한 반(反) 난민 정서가 충돌하는 상황이다. 2018년 예멘 난민 549명 입국 후 불거졌던 난민 이슈가 3년 만에 다시 수면 위로 떠오르고 있다. 

아시아 최초의 난민법 시행국… 현실은 ’솎아내기’ 난민 심사 
 한국은 1992년 유엔난민협약에 가입했고 2013년 아시아 국가 최초로 독립된 난민법을 시행하는 등 난민 심사를 위한 제도적 절차를 갖췄다. 난민법은 국제사회에 한국이 난민을 포용하겠다는 ‘신호’로 작용해 법 시행 전(1994~2013년) 한 해 평균 500명 수준에 불과했던 난민신청자들은 이후 급증했다. 2014년 2,896명이었던 난민신청자는 코로나 사태 직전인 2019년에는 1만5,452명으로 5배가량 증가했다.
하지만 우리나라에서 난민으로 인정받기는 낙타가 바늘구멍에 들어가는 일만큼 어렵다. 지난해 난민 인정은 69명, 올해는 7월까지 28명으로 심사대상 중 난민으로 인정받는 난민인정률은 2.8%(총 난민 인정자 1,119명)에 불과하다. 난민 지위는 얻지 못하지만 비인도적 처우를 받을 가능성 때문에 추방하지 않는 ‘인도적 체류자’(2,409명)를 합쳐도 국내에서 사실상 난민으로 보호하는 외국인은 3,500명 남짓이다. 240만 명에 달하는 국내 체류 외국인의 0.15% 수준이다. 한국의 난민인정률은 주요 20개국(G20) 국가 중 일본(0.3%)을 제외한 19위다.
 전문가들은 우리 정부가 난민을 받아들이겠다는 의지를 천명했음에도 난민을 얼마나 그리고 어떻게 받아들일지에 대한 정책적 고민이 부재한 결과 제도와 현실 간 괴리가 커졌다고 분석한다. 실제로 난민신청자 상당수는 ‘난민 심사-불인정 심사종결-이의신청-불인정 심사종결-행정소송 제기 후 패소-난민 심사 재(再)신청’의 과정을 수년간 반복한다. 난민전담공무원 93명이 한 해 1만 건이 넘는 난민 심사를 떠안아야 하는 인력 규모로는 형식적ㆍ자의적으로 심사가 진행될 수밖에 없다. ‘국경의 수호’가 조직의 존립 목적인 출입국ㆍ외국인정책본부에서 난민 심사 업무를 맡으면서 난민에 대한 부정적 시선으로 심사가 진행된다는 지적도 나온다. 원곡법률사무소의 유승희 변호사는 “난민신청자들은 급박한 상황에 몸만 빠져나오기 바빠 증거자료보다는 진술로 난민임을 주장할 수밖에 없다”며 “하지만 심사관들은 이런 진술을 믿지 않을뿐더러, 각국 상황에 대한 정보와 이해가 부족해 형식적으로 심사가 이뤄진다”고 주장했다. 난민신청자들은 출신국으로부터 안전을 도모하기 어려운 탓에 한국 내 자국 대사관에서 판결문, 체포영장 등 난민임을 입증할 공적 자료를 얻는 일도 사실상 불가능하다.
 인권단체들은 출입국 당국의 자의적 심사는 물론 법원의 소극적 판단도 걸림돌이라고 지적한다. 2018년 자국에서 열린 대선의 부정선거를 막기 위해 이 선거에 쓰일 한국산 투표기기 수출에 반대하는 1인 집회에 참가했던 아프리카 A국 출신의 레베카(가명)씨. 그는 한국 내 A국 출신자들과 단체를 조직해 투표기기 수출을 반대하는 성명서를 냈다. 당시 A국에서는 선거에 반대하는 인사들에 대한 체포가 이뤄지고 있어 그는 고국으로 돌아가면 정치적 박해를 받을 가능성이 높았다. 하지만 레베카씨는 지난달 난민불인정 처분취소소송에서 패소했다. 법원은 그를 “한국 난민제도를 이용해 장기체류를 하려는 것으로 보인다”고 판단했다. 반면 레베카씨와 함께 성명서에 이름을 올린 단체의 간부는 난민인정을 받았다. 유승희 변호사는 “성명서에 이름이 올라갔다면 간부건 풀뿌리 회원이건 본국에서 주목하는 건 마찬가지일 텐데 법원이 무슨 기준으로 판단했는지 알 수가 없다”고 꼬집었다. 
2000년 한국에 입국한 서남아시아 B국 출신의 아프라시압(가명ㆍ45)씨. 종교적 이유(시아파)로 수니파 국가인 자국에서 일상적인 괴롭힘을 당하던 그는 난민인정소송에 패해 미등록상태로 외국인보호소에 구금돼 있다 풀려났다. 지난해 다시 난민인정소송을 제기했지만 재판 진행 직전 판사는 그의 변호인에게 “이게 민사 소송이었다면 각하감이다. (패소할 게 뻔하니) 소송을 하지 말라”고 짜증 섞인 고함을 질렀다고 한다. 아프라시압씨는 결국 다시 패소한 뒤 강제출국 유예상태로 현재 이주민 지원단체의 도움을 받으며 국내에 머물고 있다. 공익법센터 어필의 이일 변호사는 “난민 인정 증거가 없으면 없다는 이유로, 많으면 증거가 의심스럽다는 이유로 출입국 당국과 법원이 난민인정을 거부하고 있다”며 “당국이 난민 발생국가의 복합적 상황을 파악하고 신청자의 진술이 부합하면 난민으로 인정해야 한다”고 주장했다. 



            연도별 난민인정
           


세대불문 반 난민 정서… 상상 속 '무슬림 공포’ 
 한국이 국제적 위상에 걸맞지 않게 난민에 대해 폐쇄적 태도를 취한다는 인권단체들의 비판은 끊이지 않지만 남녀노소를 불문하고 난민에 대한 부정적인 여론이 높다. 유엔난민기구(UNHCR)와 한국리서치가 지난해 11월 1,016명을 대상으로 ‘난민 태도 인식변화’ 설문조사를 한 결과, 난민 수용에 대한 거부(53%)가 찬성(33%)보다 크게 높았다. 예멘 난민 수용 반대 청원이 한창이던 2018년 6월(거부 56%)에 비해 부정적 태도도 별로 줄어들지 않았다. 여성(56%)이 남성(49%)보다 거부 비율이 높았고, 18~29세(65%)가 모든 연령대 중 가장 거부감이 높았는데, 사회ㆍ문화적으로 가장 개방적인 젊은 여성들에게조차 강한 반 난민 정서를 갖고 있다는 점이 확인됐다. 심지어 유엔난민기구가 규정한 난민인정조건(인종, 종교, 국적, 정치적 의견, 특정 사회적 집단의 구성원 신분) 이외에 모국에서의 전과 여부, 모국에서의 사회경제적 지위 등 추가적 선별조건이 필요하다는 응답이 57%에 달했다. 이는 유엔난민협약에 위배될 가능성이 높다.
 반면 난민을 주장하는 이들은 우리 국민이 감당해야 할 경제적 부담, 범죄 등 사회문제 발생 가능성, 가짜 난민이 많을 것 같다는 점을 근거로 제시한다. 아프간 기여자들이 체류 중인 충북혁신도시 주민 300여 명은 최근 카카오톡에 오픈채팅방을 만들고 수용기간 후 아프간인들을 다른 지역으로 이송해달라는 요구를 하고 있다. 이 오픈채팅방에는 아프간 기여자 등 특별공로자들에게 장기체류자격을 부여(F-2)하고 제한 없이 취업활동을 하도록 하는 출입국관리법시행령 개정을 강력히 반대하는 목소리가 득세한다. 이런 주장의 근저에 깔려 있는 건 치안에 대한 우려다. 이형오 난민대책 국민행동 대표는 “온건한 분들도 있겠으나 탈레반처럼 급진적인 분들이 없으리라고 장담할 수 없다”며 “아프간인 400명을 받아들였더니 또 기여자 1,000명을 더 받아들여야 한다는 주장이 나오는 등 요구가 끝이 없다”고 주장했다.
 하지만 무슬림 난민들이 늘어나면 범죄 증가 등으로 이어질 것이라는 주장에는 명확한 근거가 없다. 정상률 명지대 중동문제연구소 교수는 “전 세계 무슬림 12억 명 중 이슬람국가(IS), 탈레반, 알카에다 등 정파의 이익을 위해 폭력을 불사하는 ‘정치화된 무슬림’은 5,000만 명 정도라는 통계가 있다”며 “국내 무슬림도 주시할 필요는 있지만 전체적으로 온건하다고 볼 수 있다”고 말했다. 중동연구자인 구기연 서울대 아시아연구소 HK연구교수는 무슬림에 대한 우리 사회의 공포를 ‘상상의 공포’라고 분석한다. 2001년 9ㆍ11테러와 2010년대 IS의 테러 등 과격한 무슬림의 이미지들이 뉴스로 소비되면서 무슬림에 대한 부정적 선입견이 형성됐다는 것이다. 구 교수는 상실된 선교의 동력을 회복하기 위한 방안으로 개신교계 일각에서 근거 없는 ‘무슬림 포비아’를 퍼뜨린 것도 반 난민 정서에 영향을 줬을 것으로 본다. 
난민 지원에 과도한 예산을 사용한다는 주장도 별로 설득력이 없다. 난민인정자의 권리는 일반 국민처럼 기초생활수급 신청이 가능하고 자녀가 초·중학교 의무교육을 받을 수 있는 정도다. 난민신청자의 경우 생계비(월 4인 가구 최대 117만 원) 지원을 받을 수 있지만 2018년 1만5,452건의 난민신청 중 542명만 생계비를 지원(총 예산 7억9,300만 원) 받았다. 2019년과 지난해에는 지원받은 가구가 262명으로 줄었다. 난민 신청 후 6개월간은 일을 할 수 없지만 이들은 평균 3.2개월만 생계비를 지급받았다. 언어장벽 등으로 실제로는 이용할 수 없는 경우도 다반사다. 



            지난달 26일 국회 앞에서 난민대책 국민행동 회원이 아프간 현지 기여자 수용 반대와 난민법 폐지를 주장하고 있다. 연합뉴스
           


정부와 정치권의 솔직한 설득 필요 
 일각의 주장처럼 국내 난민신청자 중 취업을 위한 체류 연장을 목적으로 난민제도를 악용하는 외국인들은 존재한다. 이들을 ‘가짜 난민’이라고 보는, 반 난민 정서를 누그러뜨리고 난민들과 공존하는 방식으로 사회통합을 이루기 위해선 정부의 좀더 솔직한 태도가 필요하다고 전문가들은 지적한다. 자본과 인력의 국가 간 이동이 자유로워진 이상 후발국가에서 우리나라로의 인력 이동은 거스를 수 없다는 점, 국내 노동시장에서 이들의 노동력이 필요하다는 점을 설득시켜야 한다는 얘기다. 홍성수 숙명여대 법학부 교수는 “외환위기 이후 ‘우리와 저들’의 구도를 나누고 내가 속한 작은 집단의 배타적 이익을 강조하는 일련의 흐름 속에서 반 난민 정서도 싹이 텄다”며 “생산가능인구의 급감 추세를 감안할 때 중·장기적으로는 난민 수용이 국익에 도움이 될 수 있다는 점을 정부와 정치권이 솔직하게 국민들에게 설득해야 한다”고 말했다. 
장지향 아산정책연구소 중동지역센터장은 “일부 오해와 달리 국내의 난민신청자는 잠재적 범죄자가 아니라 테러, 전쟁, 독재정권의 폭력 피해자”라며 “난민 수용은, 국제적으로 이제 한국 정도의 선진국가가 하기 싫다고 거부할 수 없는 사안이라는 점을 정부가 당당히 말해야 한다”고 강조했다. 김영아 아시아평화를 위한 이주(MAP) 대표는 “노동시장이건 의료나 보건분야건 난민에 대해 경제적으로 접근하면 무조건 플러스”라며 “이제는 난민 인정자들에게 어느 정도의 사회복지 혜택을 줄 수 있을지 정부, 지자체, 시민사회 등이 합의해야 할 때”라고 말했다.



            난민 신청 사유
           

이왕구 논설위원 fab4@hankookilbo.com",2021. 09. 06. 16:00
"""한·일전이 가장 짜릿했다"" 김연경이 꼽은 도쿄올림픽 최고의 경기","[마이데일리 = 박승환 기자] '배구 여제' 김연경(33·상하이)가 도쿄올림픽에서 가장 기억에 남는 경기로 한·일전을 꼽았다.
김연경은 6일 화상인터뷰를 통해 기자회견을 가졌다. 2020 도쿄올림픽을 끝으로 국가대표 '태극 마크'를 내려놓는 심경과 가장 기억에 남는 경기, 스테파노 라바리니 감독과 주고받은 대화를 공개했다.
김연경은 ""올림픽에서 많은 사랑을 받았다. 요즘 감사함을 많이 느낀다. 올림픽이 정말 큰 대회고, 열심히 했다는 것을 느꼈다""며 ""한·일전이 가장 짜릿했다. 특히 12-14에서 역전승으로 마무리를 했기 때문에 말로 표현할 수 없을 만큼 좋았다. 당시가 가장 기억에 많이 남는다""고 설명했다.
한국은 지난 7월 29일 일본 도쿄의 아리아케 아레나에서 열린 2020 도쿄올림픽 A조 예선 라운드 일본과 맞대결에서 세트 스코어 3-2(25-19 19-25 25-23 15-25 16-14)로 승리하며 8강 진출 티켓을 확정지었다.
당시 한국은 1세트를 따내며 기분 좋은 스타트를 끊었다. 하지만 2세트를 내주며 경기는 원점이 됐다. 이후 한국과 일본은 각각 한 세트씩을 주고받는 등 5세트까지 가는 접전을 펼쳤다. 한국은 5세트 12-14로 뒤진 상황에서 연속 득점에 성공해 듀스를 만들어냈고, 짜릿한 역전승을 거뒀다.
도쿄올림픽에서 4강 진출에 성공하면서 많은 응원의 메시지도 받았다. 김연경은 ""요즘 댓글이 사라졌지만, SNS에서 하트를 많이 보내주시더라. 그리고 오글거리는 멘트도 많이 보내주신다""고 웃으며 ""가장 기억에 남는 것은 '교회에서는 성경, 불경에서는 불경, 배구에서는 김연경'이 인상 깊었다. 재밌었고, 앞으로도 많이 부탁드린다""고 말했다.



태극 마크를 내려놓은 김연경은 오는 2022 항저우 아시안게임부터는 국가대표로 출전하지 않는다. 대표팀 은퇴와 관련해 스테파노 라바리니 감독과도 여러가지 대화를 나눴던 김연경이다. 김연경과 라바리니 감독은 클럽에서 만나지 않는다면, 감독과 선수로서는 마지막 동행이었다.
그는 ""감독님이 뭐라고 했는지 잘 기억나지는 않는다. 하지만 '선수들은 항상 마음이 바뀐다. 언제든 복귀할 수 있다는 생각을 한다'고 하셨다. 그래서 일주일에 한 번씩 '정말 은퇴하냐?'고 물어보셨다. 라바리니 감독님이 은퇴에 대해서 많은 아쉬움을 남겼다""고 전했다.
계속해서 김연경은 ""감동적인 이야기는 없었다""면서도 ""좋은 선수, 좋은 사람이라는 말씀은 많이 해주셨다. 그리고 '네가 이때까지 고생하고 희생했던 것이 대단하다. 큰 선수가 리그의 어린 선수들을 이끄는 모습이 대견하고 좋아 보였다'고 해주셨다""고 미소를 지었다.
선수로 뛰지는 않지만, 뒤에서 대표팀을 서포트하겠다는 입장이다. 김연경은 ""앞으로도 대표팀을 뒤에서 돕고 할 것이다. 여자 배구에 많은 관심 가져주셨으면 좋겠다""며 ""나도 선수 생활 최선을 다해서 열심히 하겠다""고 힘주어 말했다.",2021. 09. 06. 16:00
"'4세대 대표 그룹' 스테이씨, 6일 1st 미니앨범 'STEREOTYPE' 발매","[한국경제TV 디지털이슈팀 유병철 기자]
           









그룹 스테이씨(STAYC)가 더 강력해진 ‘틴프레시’로 돌아왔다.
           
 스테이씨(수민, 시은, 아이사, 세은, 윤, 재이)는 6일 오후 6시 각종 온라인 음원사이트를 통해 첫 번째 미니앨범 ‘STEREOTYPE(스테레오타입)’을 발매한다.
           
 ‘STEREOTYPE’은 지난 4월 발매한 두 번째 싱글 ‘STAYDOM(스테이덤)’ 이후 스테이씨가 5개월 만에 공개하는 신보이자 데뷔 후 처음 발표하는 미니앨범으로, 하이업엔터테인먼트 대표 프로듀서 블랙아이드필승과 전군이 전곡 프로듀싱을 맡았다.
           
 타이틀곡 ‘색안경(STEREOTYPE)’은 팀의 특별한 시그니처 ‘틴프레시(TEENFRESH)’ 장르를 바탕으로 스테이씨만의 독보적인 하이틴과 우아함을 담은 곡이다. 멤버 구성이 완료되는 시점에 만들어진 스테이씨의 첫 번째 곡이자 2년 만에 베일을 벗는 히든 트랙인 이 노래를 통해 몽환적인 이미지에서부터 펑키한 이미지까지 다채로운 모습의 스테이씨를 만나볼 수 있다.
           
 특히 스테이씨는 단순히 겉모습만을 보고 남을 쉽게 판단하려는 편견과 고정관념에서 벗어나고자 하는 메시지를 ‘색안경을 끼고 보지 마요’라는 가사에 녹였다. 고정관념 속 우리의 색을 한 가지로만 단정 짓지 말고, 우리에게는 다양한 색깔과 본질이 있다는 것을 타이틀곡 ‘색안경’을 통해 많은 이에게 알리고자 한다.
           
 ‘색안경’ 외에도 슬프고 외롭기만 한 이별의 감성을 몽환적인 무드로 담아낸 컨템포러리 R&B 장르의 곡 ‘I’ll BE THERE(아일 비 데어)’, 통통 튀는 트로피컬 사운드와 스테이씨의 세련된 보컬이 어우러진 트로피컬 하우스 장르의 곡 ‘SLOW DOWN(슬로우 다운)’, 그루비한 비트와 중독성 있는 멜로디 그리고 스테이씨의 ‘틴프레시’가 섞인 레트로 감성의 곡 ‘COMPLEX(콤플렉스)’까지 총 4개 트랙이 이번 앨범에 수록됐다.
           
 한층 더 성장해서 돌아온 ‘4세대 대표 걸그룹’ 스테이씨의 첫 번째 미니앨범 전곡 음원과 타이틀곡 ‘색안경’ 뮤직비디오는 6일 오후 6시부터 감상할 수 있다.
           


디지털이슈팀 유병철 기자 onlinenews@wowtv.co.kr",2021. 09. 06. 16:00
"농식품부, '2021 식생활교육 온라인 박람회' 오는 11~17일 개최","‘2021 식생활교육 온라인 박람회’ 포스터
           


            농림축산식품부(장관 김현수, 이하 ‘농식품부’)가 식생활교육주간을 맞아 오는 11일(토)부터 17일(금)까지 ‘2021 식생활교육 온라인 박람회(이하 ‘박람회’)를 개최한다.
           
 농식품부는 바른 식생활에 대한 국민들의 관심을 고양시키고자 지난 2015년부터 매년 식생활교육주간을 지정해 캠페인을 추진하고 있다. 올해는 9월 11일부터 17일까지 캠페인 주간으로 지정해 온라인 비대면 박람회를 개최한다고 밝혔다.
           
 이번 박람회는 ‘나와 우리, 세상을 바꾸는 식습관 더하기(+)’라는 슬로건을 바탕으로 운영된다. 국민들이 올바른 식습관에 대해 이해할 수 있도록 △토크 콘서트 △주제 토론회 △대국민 실천 캠페인 등의 프로그램을 진행할 예정이다.
           
 오는 13일(월) 온라인 박람회 개막식을 시작으로 우리가 가진 식습관에 대해 논하는 ‘연사 초청 토크 콘서트’가 진행된다. 뇌과학자 김대수 카이스트 교수와 자기개선전문가 습관경영연구소 김종삼 대표가 참석해 ‘식습관이란 무엇이고, 어떻게 만들어지는가’, ‘식습관 개선이 어려운 이유’ 등을 주제로 연설을 펼친다.
           
 아울러 영유아 등 미래 세대와 먹거리 취약계층(청년 1인 가구 및 고령자)의 식습관 개선을 위한 식생활 교육 방향을 모색하는 ‘주제 토론회’, 국가직무능력표준(NCS)을 활용한 식생활 교육 표준모델을 제시하고 시연하는 ‘표준모델 발표회’도 개최된다. 또한, ‘나와 우리, 지구를 생각하는 식습관’을 주제로 한 대국민 실천 캠페인을 전국의 식생활 교육 현장과 연계해 운영할 계획이다.
           
 부대행사로 ‘함께 한 끼’라는 주제로 청년들의 식생활 이야기를 공유하는 ‘소셜다이닝’, 식생활의 가치를 실현하는 사람들의 사례를 다루는 ‘릴레이 포럼’, ‘우수도서 북 콘서트’, ‘창의수업 공모전’ 등의 프로그램이 마련됐다.
           
 농식품부 관계자는 “’2021 식생활교육 온라인 박람회’는 국민 누구나 참여할 수 있는 행사로, 자신과 지역사회, 더 나아가 지구 환경까지 생각하는 좋은 식습관을 가질 수 있는 계기가 되길 바란다”고 말했다.
          
동아닷컴 최용석 기자 duck8@donga.com",2021. 09. 06. 16:00
"중기부, 청년창업 전담부서 '청년정책과' 설치","중소벤처기업부가 청년 창업 열기와 '제2 벤처 붐'을 이어 가기 위해 청년창업 정책 전담 부서로 '청년정책과'를 신설했다. 청년 눈높이에 맞는 창업정책이 기획·실행될 수 있도록 과장을 포함해 직원 모두 20~30대 청년 위주로 배치했다.
중기부는 '창업진흥정책관' 내에 청년정책과를 설치·운영한다고 6일 밝혔다. 최근 발표된 창업기업 동향에 따르면 2021년 상반기 청년 창업기업은 25만8000개로 전년 동기 대비 7.3% 증가하는 등 역대 최대치를 기록했다. 2021 포브스 아시아 30세 이하 리더에 우리나라 청년 스타트업 15개가 선정되는 등 해외에서도 우리나라 청년 창업기업 성과를 높이 평가하고 있다.
중기부는 뜨거운 창업 열기와 제2 벤처 붐을 이어 나가기 위해 지난 5월 청년창업 단계별 맞춤형 지원과 지역 청년창업 중심거점 조성 등을 주요 골자로 하는 '청년창업 활성화 방안'도 발표했다. 신설되는 청년정책과는 '청년창업 활성화 방안'에서 발표한 핵심 과제를 차질 없이 이행될 수 있도록 하는 최전방 실행 조직이다. 여러 청년 특화 프로그램을 통해 청년창업 붐이 확산할 수 있도록 청년창업 정책을 주도적으로 추진해 나갈 계획이다.
먼저 청년 창업 붐 확산의 지역거점으로 자리매김할 '창업중심대학'은 올해 안에 5개 대학 안팎을 신규로 지정한다. 올해 선정될 창업중심대학은 앞으로 5년 동안(2022~2026년) 중기부의 창업 지원사업을 전담 수행한다. 청년 창업기업의 개발 인력난을 완화하기 위한 맞춤형 인력지원 프로그램 '스타트업·벤처 청년인재 이어드림 프로젝트' '에스오에스(SOS) 개발자 프로젝트'도 올 하반기에 진행하기로 했다.
이와 함께 청년 특화 창업 지원 프로그램인 청년창업사관학교, 창업기업지원서비스 바우처 등은 청년창업 현장에 맞도록 지원한다. 오는 11월에는 국내 최대 규모 창업경진대회인 '도전 케이(K)-스타트업'을 개최, 청년창업 붐이 전국으로 확산시켜 나간다는 계획이다. 권칠승 중기부 장관은 “우리 경제는 청년이 이끈다 해도 과언이 아니다”면서 “중기부는 앞으로도 창업을 통해 성장해 가는 청년들의 도전을 응원하고 지원해 나갈 것”이라고 강조했다.
성현희기자 sunghh@etnews.com",2021. 09. 06. 16:00
태양광 발전으로 창원시민에 수익 배당..허성무 시장 1호 조합원,"창원시 제공
           

창원시가 6일 '시민이익 나눔형 태양광발전 업무협력 협약'을 맺었다. 탄소중립 창원 실현을 위해 시 산하 건물옥상과 주차장을 활용해 태양광발전을 하고 수익을 시민과 나누게 된다.
창원시와 지역 에너지기업인 경남에너지(주)(대표이사 정 회), 창원시민에너지협동조합준비위원회(위원장 안명선)는 기후위기의 심각성을 인식하고 무공해 에너지로의 전환에 상호 협력하기 위해 이번 협약을 체결했다.
시는 태양광 발전이 가능한 읍·면·동사무소, 하수처리장 등 유휴 공유재산 발굴과 임대 등 행정지원을, 경남에너지(주)는 태양광발전 설치 운영과 (가칭)창원시 기후기금 재원으로 20년간 수익금 펀딩을, 창원시민에너지협동조합은 시민 대상 태양광발전 설치비용 펀드조성과 시민과 이익을 나누는 조합 운영을 맡는다.
3개 기관은 앞으로 발전사업허가, 조합원 모집, 펀드조성 등의 절차를 거쳐 1단계 10곳 2MW 내년 상반기 준공, 2단계 7곳 3MW 내년 하반기 준공을 목표로 사업을 추진한다.
안명선 협동조합준비위원장은 ""최선을 다해 햇빛조합원을 모집하고, 은행이자 보다 높은 5% 배당을 할 수 있도록 준비하겠다""고 밝혔다.
시민과 함께 무공해 전기를 생산하는 창원 최초 에너지조합 출범을 응원하고자 제1호 조합원으로 가입한 허성무 창원시장은 ""기후위기대응과 에너지자립에 시민의 힘이 중요하며, 탄소중립 사회로의 전환을 위해 이번 시민이익 나눔형 태양광발전이 계속 확대 시행되도록 노력하겠다""고 말했다.
경남CBS 이상현 기자 hirosh@cbs.co.kr",2021. 09. 06. 16:00
천안사랑카드 11월부터 삼성페이로 결제,"천안시와 삼성카드가 6일 업무협약을 맺고 삼성페이를 통한 천안사랑 카드 결제 도입을 결정했다. / 천안시 제공
           


6일 천안-삼성전자 양해각서 체결

[더팩트 | 천안=김경동 기자] 충남 천안 지역화폐인 천안사랑카드가 오는 11월부터 삼성페이로 결제가 가능해진다.
시는 6일 박상돈 시장과 주은기 삼성전자 부사장이 참석한 가운데 삼성페이에 천안사랑카드 모바일 간편결제 서비스 도입을 위한 양해각서를 체결했다.
협약에 따라 삼성전자는 천안사랑카드와 삼성페이를 연동할 수 있는 프로그램을 개발해 11월부터 서비스를 시작하기로 했다. 삼성페이 서비스가 도입되면 천안사랑카드 이용자 11만 명은 실물카드를 삼성페이 앱에 등록해 휴대폰만으로 결제를 할 수 있게 된다.
박상돈 시장은 ""천안사랑카드 사용자 중 11만 명의 시민이 삼성페이 혜택을 볼 것으로 전망한다""며 ""앞으로도 시민이 원하는 정책이 신속하게 반영될 수 있도록 꾸준히 시민의 의견에 귀 기울이고 실현해 나가겠다""고 말했다.
thefactcc@tf.co.kr",2021. 09. 06. 16:00
아동·청소년 음란물 126개 보관한 외교부 직원 벌금형,"아동·청소년 음란물 동영상 100여 개를 내려받아 컴퓨터에 보관한 혐의로 재판에 넘겨진 외교부 직원에게 법원이 벌금형을 선고했다.
의정부지법 형사합의13부(정성균 부장판사)는 아동·청소년의 성보호에 관한 법률 위반(음란물 소지) 혐의로 기소된 A씨에게 벌금 500만원을 선고하고 40시간의 성폭력 치료 프로그램 이수를 명령했다고 6일 밝혔다.
재판부는 ""A씨의 범행은 아동·청소년에 대한 성 인식을 심각하게 왜곡시키고, 이들을 이용한 음란물 제작에 대한 유인을 제공할 수 있다는 점에서 죄책이 가볍지 않다""면서 ""범행을 인정하고 건강이 좋지 않은 점 등을 고려해 형을 정했다""고 판시했다.
A씨는 지난해 3~5월 자신의 집 컴퓨터에 아동·청소년 음란물 동영상 126개를 보관한 혐의로 불구속기소 됐다. 
일부 영상은 SNS 광고를 보고 1만원을 입금한 뒤 스마트폰으로 전송받아 컴퓨터에 저장한 것으로 조사됐다.
CBS노컷뉴스 고무성 기자 kms@cbs.co.kr",2021. 09. 06. 16:00
[TD포토] 오메가엑스 젠 '시크함 가득 올블랙',"티브이데일리 포토
           

[티브이데일리 오다솜 기자] 오메가엑스의 첫 번째 싱글 앨범 ‘WHAT'S GOIN' ON’ 발매 기념 미디어 쇼케이스가 6일 오후 온라인으로 진행됐다.
이날 쇼케이스에 참석한 오메가엑스(재한, 휘찬, 세빈, 한겸, 태동, XEN, 제현, KEVIN, 정훈, 혁, 예찬)가 포토타임을 갖고 있다.
타이틀곡 ‘WHAT'S GOIN' ON’은 오메가엑스의 유니크한 컬러와 파워풀한 카리스마가 돋보이는 힙합 장르의 곡으로 강렬한 기타 사운드의 도입부부터 분위기를 압도한다. 점점 고조되는 멜로디와 자신감을 드러낸 가사가 어우러지며 오메가엑스만의 힘찬 에너지를 전달한다. 
[티브이데일리 오다솜 기자 news@tvdaily.co.kr / 사진=스파이어엔터테인먼트 제공]",2021. 09. 06. 16:00
[TD포토] 오메가엑스 젠 '팬심 사로잡는 매력',"티브이데일리 포토
           

[티브이데일리 오다솜 기자] 오메가엑스의 첫 번째 싱글 앨범 ‘WHAT'S GOIN' ON’ 발매 기념 미디어 쇼케이스가 6일 오후 온라인으로 진행됐다.
이날 쇼케이스에 참석한 오메가엑스(재한, 휘찬, 세빈, 한겸, 태동, XEN, 제현, KEVIN, 정훈, 혁, 예찬)가 포토타임을 갖고 있다.
타이틀곡 ‘WHAT'S GOIN' ON’은 오메가엑스의 유니크한 컬러와 파워풀한 카리스마가 돋보이는 힙합 장르의 곡으로 강렬한 기타 사운드의 도입부부터 분위기를 압도한다. 점점 고조되는 멜로디와 자신감을 드러낸 가사가 어우러지며 오메가엑스만의 힘찬 에너지를 전달한다. 
[티브이데일리 오다솜 기자 news@tvdaily.co.kr / 사진=스파이어엔터테인먼트 제공]",2021. 09. 06. 16:00
수능 지원자 다시 50만명대로.. 재학생·졸업생 모두 늘어,"사진=게티이미지뱅크
           

올해 대학수학능력시험 지원자는 50만9821명으로 지난 해 49만3434명보다 1만6387명(3.3%)이 늘어났다. 매년 수능 지원자 수가 감소하다가 지난 해에는 처음으로 40만명대로 내려갔다. 학령인구 감소 속 올해만 유독 재학생이 늘어난데다 졸업생과 검정고시생까지 모두 증가해 올해 수능 지원자 수가 50만명대를 회복했다.
한국교육과정평가원은 오는 11월 18일 치르는 2022학년도 수능 응시원서 접수 마감 결과를 6일 발표했다.
재학생이 전년 대비 1만4037명 증가한 36만710명(70.8%), 졸업생은 1764명 증가한 13만4834명(26.4%), 검정고시 등 기타 지원자는 586명 증가한 1만4277명(2.8%)이다. 학령인구 감소 속 재학생이 일시적으로 늘어나 응시생도 증가했다.
지난 해에는 재학생이 급감해 전체 지원자 숫자가 40만명대로 떨어지기도 했다. 재학생 숫자가 늘어난 만큼 지원자 수도 늘었다. 눈길을 끄는 것은 졸업생과 검정고시 숫자도 함께 늘었다는 점이다. 지난 해 고3, 즉 올해 졸업생 역시 줄어들었는데, 그 규모에 비해 재수생이 늘었다. 올해 2월 졸업생은 43만 7950명으로, 전년대비 6만여명이 줄어들었는데도 불구하고 올해 졸업자 지원자는 13만 4834명으로 1764명이 늘었다.
검정고시 지원자 역시 늘었다. 내신이 불리한 학생들이 검정고시로 이탈이 계속되고 있는데, 이러한 영향으로 풀이된다.
영역별로는 전체 지원자 중 국어 영역은 50만7129명(99.5%), 수학 영역은 48만3620명(94.9%), 영어 영역은 50만4537명(99.0%), 한국사 영역은 50만9821명(100%), 탐구 영역은 49만8804명(97.8%), 제2외국어/한문 영역은 6만1221명(12.0%)이 선택했다.
국어 영역 지원자 507,129명 중 화법과 작문 선택자는 35만7976명(70.6%), 언어와 매체 선택자는 14만9153명(29.4%)이다.
수학 영역 지원자 483,620명 중 문과 학생이 주를 이루는 확률과 통계 선택자는 25만7466명(53.2%), 미적분 선택자는 18만4608명(38.2%), 기하 선택자는 4만1546명(8.6%)으로 집계됐다.
탐구 영역 지원자 49만 8804명 중 사회·과학탐구 영역 선택자는 49만2442명(98.7%), 직업탐구 영역 선택자는 6362명(1.3%)이었다.
수학 미적분 선택자는 6월 모평 대비 1.0% 증가, 기하 1.1% 증가했다. 이과 학생들이 주로 선택하는 두 분야의 비율이 6월 44.6%에서 46.8%로 상승했다. 입시 업계에서는 이과 반수생이 미적분, 기하에 더 가세한 영향으로 분석했다. 그 결과로 문이과간 격차는 더 커질 수 있다고 진단했다. 반수생 성적이 상대적으로 우세하기 때문이다.
2022학년도 수능 지원 현황 (단위 : 명) 출처 = 한국교육과정평가원









문보경기자 okmun@etnews.com",2021. 09. 06. 16:00
"문행주 전남도의원 ""도내 수변구역 우량농지 효율적 이용해야""","환경부에서 상수원 보호를 위해 매입한 수변구역 토지를 친환경적으로 이용하자는 주장이 제기됐다.



            전라남도의회 제공
           

6일 열린 전라남도의회 도정질문에서 문행주 의원(민, 화순 1)은 ""환경부에서 상수원 보호를 위해 토지를 매입하고 있으나 이 중 우량농지가 많이 포함돼 농업생산기반이 잠식되고 있다""며 ""상수원 보호구역의 우량농지를 효율적으로 이용할 수 있는 방안을 모색해야 한다""고 주장했다.
이에 대해 전라남도는 주암호, 동복호 등 도내 5개 댐 광역상수원 인접 지역 299.39㎢가 수변구역으로 지정돼 있고 이 중 환경부에서 매입한 토지면적은 총 19.6㎢로, 전·답이 12.83㎢(65%), 임야 4.5㎢(22%), 주택･건물 1.02㎢(5.2%), 축사 등 기타 1.25㎢(7.8%) 순이다""고 밝혔다.
전라남도는 ""농업생산기반을 유지하고 인구 외부 유출 등을 막기 위해 매수된 토지를 지역민들이 수질오염이 안 되는 조건하에서 친환경적으로 활용할 수 있는 방안을 강구해볼 필요성이 있다""며 ""수질 오염을 피할 수 있는 친환경 농법으로 활용하는 방안을 환경부와 긴밀히 협의해 나가겠다""고 답변했다.
광주CBS 김삼헌 기자 gondang@hanmail.net",2021. 09. 06. 16:00
"[포토] 스테이씨, '색안경' 포인트 포즈","iMBC 연예뉴스 사진
           







            iMBC 연예뉴스 사진
           


           스테이씨(STAYC)가 6일 오후 온라인으로 진행된 첫 미니앨범 ‘스테레오타입’(STEREOTYPE) 발매 기념 쇼케이스에 참석해 포즈를 취하고 있다. 
          

스테이씨는 타이틀곡 ‘색안경’으로 활발한 활동을 펼친다.
iMBC 고대현 | 사진 하이업엔터테인먼트",2021. 09. 06. 16:00
